"0","49","Gruesome Suit","69","Clothing","Suggest fund fact safe about response heart spring those","255.61","false","https://cdn.shopify.com/s/files/1/0234/5963/products/16A6665-615-Edit_42d506f1-ddb8-4e97-a4bc-c740d96e770a_large.jpg?v=1638445431"
"1","35","Swift Chair","2","Furniture","Opportunity style yes cause trade town few let reveal difficult article","73.29","false","https://theinside.imgix.net/products/IxIhjrCc8AL4QBNQE6vRyCRjzKxoc5Krdn3pXXck.jpeg?auto=compress%2Cformat&ixlib=react-9.0.3"
"2","21","Ludicrous Soccer Ball","25","Sports","Bring marriage dark hour amount its herself less specific poor force again","72.56","false","https://m.media-amazon.com/images/I/61Jigwd1kKL._AC_SX425_.jpg"
"3","43","Kaput Jeans","4","Clothing","Change determine send task animal Mrs usually","456.69","false","https://img.ltwebstatic.com/images3_pi/2020/11/30/16067350169ffafe2f5f0ae446f77d546abdcea44a_thumbnail_600x.webp"
"4","42","Anxious Bed","5","Furniture","Like audience customer score finally ahead when value","326.22","true","https://b3h2.scene7.com/is/image/BedBathandBeyond/86569456731_imageset?$690$&wid=690&hei=690"
"5","22","Resonant Football","7","Sports","First Mr another travel administration continue author major six your may","30.28","false","https://www.si.com/.image/ar_4:3%2Cc_fill%2Ccs_srgb%2Cfl_progressive%2Cq_auto:good%2Cw_1200/MTc0NDU1OTQyMjAzNjQ3NjIy/college-football-covid-symptoms-cases-players.jpg"
"6","0","Weary Lamp","5","Furniture","Laugh door list window that role quickly involve","293.56","true","https://i.pinimg.com/originals/2d/83/98/2d8398d7fb16848b776ceae9065be2bb.jpg"
"7","15","Chubby Bed","93","Furniture","Low product eye remain ten page accept spring different level","45.50","false","https://b3h2.scene7.com/is/image/BedBathandBeyond/86569456731_imageset?$690$&wid=690&hei=690"
"8","4","Faded Dress","91","Clothing","Late manager ever quality dark tough subject effect message west","437.13","false","https://i.pinimg.com/originals/5a/87/e5/5a87e5a4db14a4cd0c89797d84d21007.jpg"
"9","24","Open Football","98","Sports","Politics enter enough knowledge impact relationship individual though bill chance","391.69","false","https://www.si.com/.image/ar_4:3%2Cc_fill%2Ccs_srgb%2Cfl_progressive%2Cq_auto:good%2Cw_1200/MTc0NDU1OTQyMjAzNjQ3NjIy/college-football-covid-symptoms-cases-players.jpg"
"10","45","Verdant Bed","23","Furniture","Tell tough word require along speech food seat actually actually hand","38.26","true","https://b3h2.scene7.com/is/image/BedBathandBeyond/86569456731_imageset?$690$&wid=690&hei=690"
"11","13","Overwrought Soccer Ball","75","Sports","Get myself industry billion various themselves character international","3.45","true","https://m.media-amazon.com/images/I/61Jigwd1kKL._AC_SX425_.jpg"
"12","37","Afraid Suit","0","Clothing","Entire moment natural computer hotel listen","434.62","true","https://cdn.shopify.com/s/files/1/0234/5963/products/16A6665-615-Edit_42d506f1-ddb8-4e97-a4bc-c740d96e770a_large.jpg?v=1638445431"
"13","14","Lying Pants","75","Clothing","Training issue far job edge majority behind record above environmental","267.83","false","https://media.missguided.com/i/missguided/RCO9346927_02?$product-page__main--2x$"
"14","12","Changeable Frisbee","7","Sports","Number moment against purpose market east movie present people remember","113.56","false","https://i5.walmartimages.com/asr/11848b8b-1b25-450a-bea8-6e4caa0fec67_1.4e38c701da096e2c570efa6cc0a58d8a.jpeg?odnHeight=612&odnWidth=612&odnBg=FFFFFF"
"15","31","Amuck Volleyball","36","Sports","Success top ten bed street down teach with food clearly society should think","422.06","true","https://m.media-amazon.com/images/I/61lj9PFLqaL._AC_SL1500_.jpg"
"16","9","Shaky Lamp","13","Furniture","Machine company many agency show cover form operation president dream","197.64","false","https://i.pinimg.com/originals/2d/83/98/2d8398d7fb16848b776ceae9065be2bb.jpg"
"17","17","Secretive Lamp","49","Furniture","Service yourself general result to hear or work quality get able where","355.94","true","https://i.pinimg.com/originals/2d/83/98/2d8398d7fb16848b776ceae9065be2bb.jpg"
"18","15","Lowly Lamp","83","Furniture","Yes both edge apply spring blood response heavy movement","191.26","true","https://i.pinimg.com/originals/2d/83/98/2d8398d7fb16848b776ceae9065be2bb.jpg"
"19","29","Grumpy Desk","48","Furniture","Mean million both decision room fine scene","306.00","false","https://images.urbndata.com/is/image/Anthropologie/60438686_010_b"
"20","27","Empty Costume","5","Clothing","No take many water until say least sort","371.59","true","https://images.halloweencostumes.com/products/32205/1-1/child-deluxe-lion-costume-update.jpg"
"21","25","Sparkling Lamp","33","Furniture","Think hit truth become build identify seat run","106.39","true","https://i.pinimg.com/originals/2d/83/98/2d8398d7fb16848b776ceae9065be2bb.jpg"
"22","7","Spurious Costume","67","Clothing","Not ahead thank case case away time democratic","318.21","false","https://images.halloweencostumes.com/products/32205/1-1/child-deluxe-lion-costume-update.jpg"
"23","5","Fluffy Frisbee","53","Sports","Response prepare finish nothing share toward thousand couple image understand","305.09","true","https://i5.walmartimages.com/asr/11848b8b-1b25-450a-bea8-6e4caa0fec67_1.4e38c701da096e2c570efa6cc0a58d8a.jpeg?odnHeight=612&odnWidth=612&odnBg=FFFFFF"
"24","14","Nauseating Shirt","95","Clothing","Eye anyone physical hotel exactly use ago I according nor expect","9.49","true","https://img.ltwebstatic.com/images2_pi/2018/05/25/1527234348541259296.webp"
"25","31","Sable Lamp","11","Furniture","Any impact easy spend a believe save simply some decide keep he fund","469.44","true","https://i.pinimg.com/originals/2d/83/98/2d8398d7fb16848b776ceae9065be2bb.jpg"
"26","27","Grouchy Pants","75","Clothing","Indicate force charge design decide however way season similar she professional positive","277.05","false","https://media.missguided.com/i/missguided/RCO9346927_02?$product-page__main--2x$"
"27","20","Upset Couch","53","Furniture","Concern pressure season treat push first crime onto star board","394.75","true","https://www.google.com/url?sa=i&url=https%3A%2F%2Fwww.amazon.com%2FVelvet-Century-Living-Modern-Pillows%2Fdp%2FB08LNFZFVC&psig=AOvVaw1l1xXhUiRAro0vT3QgV_mf&ust=1638986338094000&source=images&cd=vfe&ved=0CAsQjRxqFwoTCJDr84Wi0vQCFQAAAAAdAAAAABAE"
"28","47","Fast Dress","23","Clothing","Feeling follow meeting wonder important school kind consumer beat half gun some although","263.88","true","https://i.pinimg.com/originals/5a/87/e5/5a87e5a4db14a4cd0c89797d84d21007.jpg"
"29","23","Tenuous Jeans","80","Clothing","Be water career whatever ten far","37.68","true","https://img.ltwebstatic.com/images3_pi/2020/11/30/16067350169ffafe2f5f0ae446f77d546abdcea44a_thumbnail_600x.webp"
"30","38","Salty Desk","15","Furniture","Mother other candidate tough read benefit","402.17","true","https://images.urbndata.com/is/image/Anthropologie/60438686_010_b"
"31","49","Volatile Skirt","33","Clothing","Listen require each tend serve far glass him force wall organization certain","117.38","false","https://media.vogue.co.uk/photos/5d5d01439a39110008ed1d2f/master/w_1920,h_1280,c_limit/Leopard%2021.87.19%207.jpg"
"32","8","Secretive Bed","19","Furniture","Beat trouble matter spend beat do put civil every agree bad else fish","454.53","true","https://b3h2.scene7.com/is/image/BedBathandBeyond/86569456731_imageset?$690$&wid=690&hei=690"
"33","41","Dull Soccer Ball","88","Sports","Politics order indeed group now bill know them international both join figure","135.21","false","https://m.media-amazon.com/images/I/61Jigwd1kKL._AC_SX425_.jpg"
"34","38","Weary Desk","52","Furniture","Case military turn discover crime fear fast least","466.64","true","https://images.urbndata.com/is/image/Anthropologie/60438686_010_b"
"35","21","Juicy Suit","55","Clothing","Matter after year affect reveal bad experience medical present town wonder until operation","114.10","false","https://cdn.shopify.com/s/files/1/0234/5963/products/16A6665-615-Edit_42d506f1-ddb8-4e97-a4bc-c740d96e770a_large.jpg?v=1638445431"
"36","42","Classy Desk","48","Furniture","They language address social clear market deep goal sing challenge","254.27","false","https://images.urbndata.com/is/image/Anthropologie/60438686_010_b"
"37","11","Thoughtful Bed","35","Furniture","Choice stand baby just movement interesting","381.30","false","https://b3h2.scene7.com/is/image/BedBathandBeyond/86569456731_imageset?$690$&wid=690&hei=690"
"38","41","Zealous Football","87","Sports","Black everyone official up material country continue all buy or","58.87","true","https://www.si.com/.image/ar_4:3%2Cc_fill%2Ccs_srgb%2Cfl_progressive%2Cq_auto:good%2Cw_1200/MTc0NDU1OTQyMjAzNjQ3NjIy/college-football-covid-symptoms-cases-players.jpg"
"39","21","Homely Jeans","14","Clothing","Career including control reason amount figure customer top just mind mother building","482.81","true","https://img.ltwebstatic.com/images3_pi/2020/11/30/16067350169ffafe2f5f0ae446f77d546abdcea44a_thumbnail_600x.webp"
"40","13","Scandalous Coffee Table","73","Furniture","Agency later image meet small road wind provide quickly low even","219.81","true","https://images.urbndata.com/is/image/Anthropologie/60439320_001_b?$a15-pdp-detail-shot$&fit=constrain&qlt=80&wid=640"
"41","49","Cheerful Frisbee","10","Sports","Glass base reason television indicate gas sort","252.05","false","https://i5.walmartimages.com/asr/11848b8b-1b25-450a-bea8-6e4caa0fec67_1.4e38c701da096e2c570efa6cc0a58d8a.jpeg?odnHeight=612&odnWidth=612&odnBg=FFFFFF"
"42","32","Tenuous Bed","37","Furniture","Rich act candidate surface necessary food owner identify director forward sound task concern","444.96","false","https://b3h2.scene7.com/is/image/BedBathandBeyond/86569456731_imageset?$690$&wid=690&hei=690"
"43","9","Warlike Skirt","100","Clothing","Single produce if prove but strong key program because account final discover","430.87","true","https://media.vogue.co.uk/photos/5d5d01439a39110008ed1d2f/master/w_1920,h_1280,c_limit/Leopard%2021.87.19%207.jpg"
"44","11","Clammy Skirt","25","Clothing","Threat rise suggest wish travel admit allow reduce everybody especially our","209.25","true","https://media.vogue.co.uk/photos/5d5d01439a39110008ed1d2f/master/w_1920,h_1280,c_limit/Leopard%2021.87.19%207.jpg"
"45","5","Overjoyed Bed","27","Furniture","Money adult for yard as mother director much land look think off","490.80","false","https://b3h2.scene7.com/is/image/BedBathandBeyond/86569456731_imageset?$690$&wid=690&hei=690"
"46","36","Cool Softball","30","Sports","Southern name nature order story argue page important toward deal follow join opportunity","401.63","true","https://cdn.vox-cdn.com/thumbor/uW3cZFPag8gDwzFcoeQw-UpKJ_A=/0x0:1050x700/1200x800/filters:focal(441x266:609x434)/cdn.vox-cdn.com/uploads/chorus_image/image/69272529/10215943_web1_thinkstockphotos_softball_509935540.0.jpg"
"47","36","Elite Bed","79","Furniture","Can expect realize air school yourself near receive hear argue century","477.58","false","https://b3h2.scene7.com/is/image/BedBathandBeyond/86569456731_imageset?$690$&wid=690&hei=690"
"48","6","Wakeful Costume","38","Clothing","Evening center official product focus detail","31.46","false","https://images.halloweencostumes.com/products/32205/1-1/child-deluxe-lion-costume-update.jpg"
"49","26","Vengeful Chair","9","Furniture","Produce majority science between myself better lose guy prepare civil","269.22","false","https://theinside.imgix.net/products/IxIhjrCc8AL4QBNQE6vRyCRjzKxoc5Krdn3pXXck.jpeg?auto=compress%2Cformat&ixlib=react-9.0.3"
"50","13","Bright Softball","16","Sports","Fear measure south clearly country support young capital off tough difference","209.97","false","https://cdn.vox-cdn.com/thumbor/uW3cZFPag8gDwzFcoeQw-UpKJ_A=/0x0:1050x700/1200x800/filters:focal(441x266:609x434)/cdn.vox-cdn.com/uploads/chorus_image/image/69272529/10215943_web1_thinkstockphotos_softball_509935540.0.jpg"
"51","19","Brawny Volleyball","67","Sports","Audience just really sport couple go up","463.02","false","https://m.media-amazon.com/images/I/61lj9PFLqaL._AC_SL1500_.jpg"
"52","44","Shiny Basketball","40","Sports","Space usually detail image vote account themselves","395.76","false","https://m.media-amazon.com/images/I/91vdgs5FY4L._AC_SL1500_.jpg"
"53","38","Fortunate Nightstand","67","Furniture","Natural spend pass smile boy ask increase particular scene set although identify only","199.84","true","https://stylecaster.com/wp-content/uploads/2018/09/animal-decor-10.jpeg?w=400&h=600"
"54","31","Hurt Volleyball","47","Sports","Republican we that about executive computer fear we next believe rather couple","492.29","false","https://m.media-amazon.com/images/I/61lj9PFLqaL._AC_SL1500_.jpg"
"55","26","Decisive Couch","65","Furniture","Color southern contain near nature culture which","487.61","true","https://www.google.com/url?sa=i&url=https%3A%2F%2Fwww.amazon.com%2FVelvet-Century-Living-Modern-Pillows%2Fdp%2FB08LNFZFVC&psig=AOvVaw1l1xXhUiRAro0vT3QgV_mf&ust=1638986338094000&source=images&cd=vfe&ved=0CAsQjRxqFwoTCJDr84Wi0vQCFQAAAAAdAAAAABAE"
"56","14","Frail Bed","17","Furniture","Sit interesting television money student near then understand however effect from program rich","38.95","true","https://b3h2.scene7.com/is/image/BedBathandBeyond/86569456731_imageset?$690$&wid=690&hei=690"
"57","30","Late Chair","42","Furniture","Attention including everybody human final mention one arm fill character","98.55","true","https://theinside.imgix.net/products/IxIhjrCc8AL4QBNQE6vRyCRjzKxoc5Krdn3pXXck.jpeg?auto=compress%2Cformat&ixlib=react-9.0.3"
"58","45","Incompetent Basketball","37","Sports","Successful upon TV police officer security reason every focus close into upon action","75.83","false","https://m.media-amazon.com/images/I/91vdgs5FY4L._AC_SL1500_.jpg"
"59","45","Quack Pants","3","Clothing","Record structure one prepare organization certainly blue side speak TV","349.79","false","https://media.missguided.com/i/missguided/RCO9346927_02?$product-page__main--2x$"
"60","8","Deeply Softball","48","Sports","Newspaper teacher section present when institution agency which impact parent story six","109.14","true","https://cdn.vox-cdn.com/thumbor/uW3cZFPag8gDwzFcoeQw-UpKJ_A=/0x0:1050x700/1200x800/filters:focal(441x266:609x434)/cdn.vox-cdn.com/uploads/chorus_image/image/69272529/10215943_web1_thinkstockphotos_softball_509935540.0.jpg"
"61","8","Telling Soccer Ball","52","Sports","Physical safe put same former picture","489.13","true","https://m.media-amazon.com/images/I/61Jigwd1kKL._AC_SX425_.jpg"
"62","49","Fantastic Bed","82","Furniture","Inside official hold official attack better even onto story","418.37","false","https://b3h2.scene7.com/is/image/BedBathandBeyond/86569456731_imageset?$690$&wid=690&hei=690"
"63","25","Inconclusive Bed","48","Furniture","Upon require speak school night international else wish peace know draw better red","1.86","true","https://b3h2.scene7.com/is/image/BedBathandBeyond/86569456731_imageset?$690$&wid=690&hei=690"
"64","22","Anxious Football","94","Sports","Door bar save lose bank once ahead team worry","52.53","false","https://www.si.com/.image/ar_4:3%2Cc_fill%2Ccs_srgb%2Cfl_progressive%2Cq_auto:good%2Cw_1200/MTc0NDU1OTQyMjAzNjQ3NjIy/college-football-covid-symptoms-cases-players.jpg"
"65","24","Optimal Volleyball","35","Sports","Off special drop even program run ability picture manager product shake agree about","90.82","false","https://m.media-amazon.com/images/I/61lj9PFLqaL._AC_SL1500_.jpg"
"66","29","Frightened Costume","70","Clothing","Similar identify usually site while strategy say","236.23","false","https://images.halloweencostumes.com/products/32205/1-1/child-deluxe-lion-costume-update.jpg"
"67","29","Rebellious Couch","59","Furniture","Level stuff back anything leg state","426.10","true","https://www.google.com/url?sa=i&url=https%3A%2F%2Fwww.amazon.com%2FVelvet-Century-Living-Modern-Pillows%2Fdp%2FB08LNFZFVC&psig=AOvVaw1l1xXhUiRAro0vT3QgV_mf&ust=1638986338094000&source=images&cd=vfe&ved=0CAsQjRxqFwoTCJDr84Wi0vQCFQAAAAAdAAAAABAE"
"68","36","Invincible Lamp","84","Furniture","Church nothing by it garden he market voice art by will","234.01","false","https://i.pinimg.com/originals/2d/83/98/2d8398d7fb16848b776ceae9065be2bb.jpg"
"69","26","Glamorous Basketball","76","Sports","Administration unit recent rise use body media discover easy agent professor show traditional show","313.41","true","https://m.media-amazon.com/images/I/91vdgs5FY4L._AC_SL1500_.jpg"
"70","23","Quickest Bed","16","Furniture","Difference system rate myself big capital product open station check","91.62","false","https://b3h2.scene7.com/is/image/BedBathandBeyond/86569456731_imageset?$690$&wid=690&hei=690"
"71","8","Prickly Coffee Table","21","Furniture","Girl sure fund environment including position fish admit price","243.37","true","https://images.urbndata.com/is/image/Anthropologie/60439320_001_b?$a15-pdp-detail-shot$&fit=constrain&qlt=80&wid=640"
"72","43","Coherent Skirt","2","Clothing","Should rest take little beyond road east participant nice home pretty history","49.22","false","https://media.vogue.co.uk/photos/5d5d01439a39110008ed1d2f/master/w_1920,h_1280,c_limit/Leopard%2021.87.19%207.jpg"
"73","6","Fluffy Skirt","71","Clothing","Officer tend include increase discuss no stock","41.93","true","https://media.vogue.co.uk/photos/5d5d01439a39110008ed1d2f/master/w_1920,h_1280,c_limit/Leopard%2021.87.19%207.jpg"
"74","27","Telling Suit","63","Clothing","Write in idea huge allow example model town few majority past","64.04","true","https://cdn.shopify.com/s/files/1/0234/5963/products/16A6665-615-Edit_42d506f1-ddb8-4e97-a4bc-c740d96e770a_large.jpg?v=1638445431"
"75","25","Heavenly Couch","37","Furniture","Fine rock information as receive difficult yard age","419.91","false","https://www.google.com/url?sa=i&url=https%3A%2F%2Fwww.amazon.com%2FVelvet-Century-Living-Modern-Pillows%2Fdp%2FB08LNFZFVC&psig=AOvVaw1l1xXhUiRAro0vT3QgV_mf&ust=1638986338094000&source=images&cd=vfe&ved=0CAsQjRxqFwoTCJDr84Wi0vQCFQAAAAAdAAAAABAE"
"76","9","Stereotyped Chair","30","Furniture","Sit base though less age series series the sometimes","217.48","false","https://theinside.imgix.net/products/IxIhjrCc8AL4QBNQE6vRyCRjzKxoc5Krdn3pXXck.jpeg?auto=compress%2Cformat&ixlib=react-9.0.3"
"77","49","Misty Skirt","78","Clothing","Account shake cultural state itself several president yard mission suggest site page town","347.49","true","https://media.vogue.co.uk/photos/5d5d01439a39110008ed1d2f/master/w_1920,h_1280,c_limit/Leopard%2021.87.19%207.jpg"
"78","24","Sticky Couch","52","Furniture","Ask floor final close campaign agreement","321.89","true","https://www.google.com/url?sa=i&url=https%3A%2F%2Fwww.amazon.com%2FVelvet-Century-Living-Modern-Pillows%2Fdp%2FB08LNFZFVC&psig=AOvVaw1l1xXhUiRAro0vT3QgV_mf&ust=1638986338094000&source=images&cd=vfe&ved=0CAsQjRxqFwoTCJDr84Wi0vQCFQAAAAAdAAAAABAE"
"79","18","Gigantic Chair","22","Furniture","Whose player individual reach four brother other tree away help likely","309.06","true","https://theinside.imgix.net/products/IxIhjrCc8AL4QBNQE6vRyCRjzKxoc5Krdn3pXXck.jpeg?auto=compress%2Cformat&ixlib=react-9.0.3"
"80","10","Enchanting Shirt","52","Clothing","Design increase color between skill admit reflect stage visit","426.81","true","https://img.ltwebstatic.com/images2_pi/2018/05/25/1527234348541259296.webp"
"81","24","Supreme Chair","89","Furniture","Home create main traditional person administration reflect","197.03","false","https://theinside.imgix.net/products/IxIhjrCc8AL4QBNQE6vRyCRjzKxoc5Krdn3pXXck.jpeg?auto=compress%2Cformat&ixlib=react-9.0.3"
"82","17","Skinny Suit","98","Clothing","Special night debate say professional within allow eat position story sense painting","33.65","true","https://cdn.shopify.com/s/files/1/0234/5963/products/16A6665-615-Edit_42d506f1-ddb8-4e97-a4bc-c740d96e770a_large.jpg?v=1638445431"
"83","39","Sordid Dress","49","Clothing","Officer son walk house sport get","489.27","false","https://i.pinimg.com/originals/5a/87/e5/5a87e5a4db14a4cd0c89797d84d21007.jpg"
"84","49","Demonic Couch","8","Furniture","Natural next often discover hour building spend suggest","332.53","true","https://www.google.com/url?sa=i&url=https%3A%2F%2Fwww.amazon.com%2FVelvet-Century-Living-Modern-Pillows%2Fdp%2FB08LNFZFVC&psig=AOvVaw1l1xXhUiRAro0vT3QgV_mf&ust=1638986338094000&source=images&cd=vfe&ved=0CAsQjRxqFwoTCJDr84Wi0vQCFQAAAAAdAAAAABAE"
"85","40","Soggy Soccer Ball","65","Sports","He behind certainly policy smile kid society quickly daughter country","103.25","false","https://m.media-amazon.com/images/I/61Jigwd1kKL._AC_SX425_.jpg"
"86","27","Unaccountable Jeans","69","Clothing","Effort long pattern catch woman raise easy popular away","483.61","false","https://img.ltwebstatic.com/images3_pi/2020/11/30/16067350169ffafe2f5f0ae446f77d546abdcea44a_thumbnail_600x.webp"
"87","11","Workable Dress","4","Clothing","Represent development perhaps successful they set red accept popular line stage","110.65","false","https://i.pinimg.com/originals/5a/87/e5/5a87e5a4db14a4cd0c89797d84d21007.jpg"
"88","40","Dusty Golf Clubs","45","Sports","Major step along marriage east trial cut life fear boy role worry","340.69","true","https://m.media-amazon.com/images/I/81phSCzbHWL._AC_SX425_.jpg"
"89","42","Lively Dress","35","Clothing","Trial onto attack fine here let party","147.09","true","https://i.pinimg.com/originals/5a/87/e5/5a87e5a4db14a4cd0c89797d84d21007.jpg"
"90","30","Lovely Shirt","27","Clothing","Best mention might couple occur to","431.58","false","https://img.ltwebstatic.com/images2_pi/2018/05/25/1527234348541259296.webp"
"91","17","Merciful Shirt","61","Clothing","Item never eight court wide child half","324.62","false","https://img.ltwebstatic.com/images2_pi/2018/05/25/1527234348541259296.webp"
"92","49","Divergent Suit","38","Clothing","Yard foreign though during admit card","36.44","false","https://cdn.shopify.com/s/files/1/0234/5963/products/16A6665-615-Edit_42d506f1-ddb8-4e97-a4bc-c740d96e770a_large.jpg?v=1638445431"
"93","10","Craven Basketball","10","Sports","Offer employee get sound themselves purpose seat water nothing successful","76.12","true","https://m.media-amazon.com/images/I/91vdgs5FY4L._AC_SL1500_.jpg"
"94","30","Bloody Chair","64","Furniture","Remember they garden through sport its tax force","303.99","true","https://theinside.imgix.net/products/IxIhjrCc8AL4QBNQE6vRyCRjzKxoc5Krdn3pXXck.jpeg?auto=compress%2Cformat&ixlib=react-9.0.3"
"95","4","Cuddly Suit","96","Clothing","About staff style win purpose case well","453.15","true","https://cdn.shopify.com/s/files/1/0234/5963/products/16A6665-615-Edit_42d506f1-ddb8-4e97-a4bc-c740d96e770a_large.jpg?v=1638445431"
"96","9","Tired Pants","50","Clothing","Leader step federal board data newspaper","206.78","true","https://media.missguided.com/i/missguided/RCO9346927_02?$product-page__main--2x$"
"97","45","Few Golf Clubs","96","Sports","Hear party sure model star employee size pretty admit","17.36","false","https://m.media-amazon.com/images/I/81phSCzbHWL._AC_SX425_.jpg"
"98","44","Giant Shirt","30","Clothing","Watch see seek huge today north throughout","243.94","true","https://img.ltwebstatic.com/images2_pi/2018/05/25/1527234348541259296.webp"
"99","17","Healthy Skirt","28","Clothing","Gun single animal pass find man fast however industry buy score general","48.85","true","https://media.vogue.co.uk/photos/5d5d01439a39110008ed1d2f/master/w_1920,h_1280,c_limit/Leopard%2021.87.19%207.jpg"
"100","13","Abaft Shirt","55","Clothing","Majority police important add head learn expect forward huge add half up trip","166.77","false","https://img.ltwebstatic.com/images2_pi/2018/05/25/1527234348541259296.webp"
"101","48","Halting Golf Clubs","25","Sports","Development painting course else account listen tax from run manager cell away mind","297.32","true","https://m.media-amazon.com/images/I/81phSCzbHWL._AC_SX425_.jpg"
"102","47","Hollow Suit","36","Clothing","In movement may poor do class door","48.29","false","https://cdn.shopify.com/s/files/1/0234/5963/products/16A6665-615-Edit_42d506f1-ddb8-4e97-a4bc-c740d96e770a_large.jpg?v=1638445431"
"103","16","Vigorous Desk","12","Furniture","Exist pass foot bit huge away movement would again low determine","489.54","false","https://images.urbndata.com/is/image/Anthropologie/60438686_010_b"
"104","18","Lean Golf Clubs","49","Sports","Main case attack break keep travel least watch whether operation necessary","406.32","true","https://m.media-amazon.com/images/I/81phSCzbHWL._AC_SX425_.jpg"
"105","30","Domineering Lamp","55","Furniture","Three prepare direction after listen prevent point","179.64","false","https://i.pinimg.com/originals/2d/83/98/2d8398d7fb16848b776ceae9065be2bb.jpg"
"106","49","Wanting Shirt","35","Clothing","Science send state former teach class fire perhaps","223.58","true","https://img.ltwebstatic.com/images2_pi/2018/05/25/1527234348541259296.webp"
"107","41","Abashed Nightstand","18","Furniture","Unit investment letter stop foreign indeed","500.65","false","https://stylecaster.com/wp-content/uploads/2018/09/animal-decor-10.jpeg?w=400&h=600"
"108","49","Succinct Soccer Ball","84","Sports","Still rest raise nor your education century toward large","307.63","false","https://m.media-amazon.com/images/I/61Jigwd1kKL._AC_SX425_.jpg"
"109","0","Greedy Dress","16","Clothing","Break source improve culture represent baby degree within","263.77","true","https://i.pinimg.com/originals/5a/87/e5/5a87e5a4db14a4cd0c89797d84d21007.jpg"
"110","39","Stimulating Softball","87","Sports","Town town present budget particular ok something","289.01","true","https://cdn.vox-cdn.com/thumbor/uW3cZFPag8gDwzFcoeQw-UpKJ_A=/0x0:1050x700/1200x800/filters:focal(441x266:609x434)/cdn.vox-cdn.com/uploads/chorus_image/image/69272529/10215943_web1_thinkstockphotos_softball_509935540.0.jpg"
"111","29","Abstracted Soccer Ball","63","Sports","Pass arm couple building animal change fund agreement relate decision","74.13","true","https://m.media-amazon.com/images/I/61Jigwd1kKL._AC_SX425_.jpg"
"112","22","Painstaking Lamp","3","Furniture","Poor out event state job them","160.18","false","https://i.pinimg.com/originals/2d/83/98/2d8398d7fb16848b776ceae9065be2bb.jpg"
"113","6","Successful Soccer Ball","27","Sports","Network control sound occur thousand fall challenge whether","314.07","true","https://m.media-amazon.com/images/I/61Jigwd1kKL._AC_SX425_.jpg"
"114","13","Kaput Basketball","48","Sports","Father despite child thing radio ago such begin body","361.71","true","https://m.media-amazon.com/images/I/91vdgs5FY4L._AC_SL1500_.jpg"
"115","23","Tearful Skirt","15","Clothing","Newspaper candidate natural lead even relationship article","305.42","false","https://media.vogue.co.uk/photos/5d5d01439a39110008ed1d2f/master/w_1920,h_1280,c_limit/Leopard%2021.87.19%207.jpg"
"116","38","Shaggy Skirt","45","Clothing","Name list lay upon hard hundred country how down final","7.07","false","https://media.vogue.co.uk/photos/5d5d01439a39110008ed1d2f/master/w_1920,h_1280,c_limit/Leopard%2021.87.19%207.jpg"
"117","35","Nasty Dress","93","Clothing","Stuff police people country different prepare wait movie adult summer","465.07","true","https://i.pinimg.com/originals/5a/87/e5/5a87e5a4db14a4cd0c89797d84d21007.jpg"
"118","19","Dry Shirt","12","Clothing","Discussion stage another common physical she peace should cost doctor would","280.47","false","https://img.ltwebstatic.com/images2_pi/2018/05/25/1527234348541259296.webp"
"119","1","Empty Couch","75","Furniture","Behind may matter hope evening herself whatever across career hotel","136.83","false","https://www.google.com/url?sa=i&url=https%3A%2F%2Fwww.amazon.com%2FVelvet-Century-Living-Modern-Pillows%2Fdp%2FB08LNFZFVC&psig=AOvVaw1l1xXhUiRAro0vT3QgV_mf&ust=1638986338094000&source=images&cd=vfe&ved=0CAsQjRxqFwoTCJDr84Wi0vQCFQAAAAAdAAAAABAE"
"120","33","Cheerful Costume","91","Clothing","Care method wide scene upon wonder art station line despite late collection own","272.18","true","https://images.halloweencostumes.com/products/32205/1-1/child-deluxe-lion-costume-update.jpg"
"121","22","Fluttering Volleyball","3","Sports","Lose sing player old trouble individual recognize summer air hundred clear tough","268.09","false","https://m.media-amazon.com/images/I/61lj9PFLqaL._AC_SL1500_.jpg"
"122","3","Meek Soccer Ball","3","Sports","Meet figure nearly lose physical administration culture generation","28.23","false","https://m.media-amazon.com/images/I/61Jigwd1kKL._AC_SX425_.jpg"
"123","38","Overwrought Coffee Table","66","Furniture","Floor may water group spend even happy whose daughter purpose","16.42","false","https://images.urbndata.com/is/image/Anthropologie/60439320_001_b?$a15-pdp-detail-shot$&fit=constrain&qlt=80&wid=640"
"124","42","Irate Dress","83","Clothing","Candidate loss there treatment feeling none name situation","488.29","false","https://i.pinimg.com/originals/5a/87/e5/5a87e5a4db14a4cd0c89797d84d21007.jpg"
"125","45","Silent Dress","58","Clothing","White sign bed cover white common author","200.98","true","https://i.pinimg.com/originals/5a/87/e5/5a87e5a4db14a4cd0c89797d84d21007.jpg"
"126","32","Shallow Football","41","Sports","Provide old clearly administration style control cost","293.77","true","https://www.si.com/.image/ar_4:3%2Cc_fill%2Ccs_srgb%2Cfl_progressive%2Cq_auto:good%2Cw_1200/MTc0NDU1OTQyMjAzNjQ3NjIy/college-football-covid-symptoms-cases-players.jpg"
"127","38","Ubiquitous Bed","41","Furniture","Mention opportunity rock might senior require first street today hospital lead","497.15","true","https://b3h2.scene7.com/is/image/BedBathandBeyond/86569456731_imageset?$690$&wid=690&hei=690"
"128","16","Learned Coffee Table","81","Furniture","Us fill analysis hope safe picture film media bed win","179.29","true","https://images.urbndata.com/is/image/Anthropologie/60439320_001_b?$a15-pdp-detail-shot$&fit=constrain&qlt=80&wid=640"
"129","16","Snotty Bed","21","Furniture","Popular or benefit represent who nice vote Democrat with nature property bank soon","372.42","false","https://b3h2.scene7.com/is/image/BedBathandBeyond/86569456731_imageset?$690$&wid=690&hei=690"
"130","38","Aspiring Jeans","49","Clothing","Level audience school back keep outside general special","61.85","false","https://img.ltwebstatic.com/images3_pi/2020/11/30/16067350169ffafe2f5f0ae446f77d546abdcea44a_thumbnail_600x.webp"
"131","7","Flipped-out Golf Clubs","9","Sports","Production development always simply shake special current","125.73","true","https://m.media-amazon.com/images/I/81phSCzbHWL._AC_SX425_.jpg"
"132","47","Tart Coffee Table","31","Furniture","Quickly common decade doctor life prove movement film","182.18","true","https://images.urbndata.com/is/image/Anthropologie/60439320_001_b?$a15-pdp-detail-shot$&fit=constrain&qlt=80&wid=640"
"133","10","Wandering Suit","82","Clothing","Fast fight direction challenge adult later manage president call former join base court","283.63","true","https://cdn.shopify.com/s/files/1/0234/5963/products/16A6665-615-Edit_42d506f1-ddb8-4e97-a4bc-c740d96e770a_large.jpg?v=1638445431"
"134","29","Uneven Softball","87","Sports","All house agree until cut put tree choice someone","333.57","true","https://cdn.vox-cdn.com/thumbor/uW3cZFPag8gDwzFcoeQw-UpKJ_A=/0x0:1050x700/1200x800/filters:focal(441x266:609x434)/cdn.vox-cdn.com/uploads/chorus_image/image/69272529/10215943_web1_thinkstockphotos_softball_509935540.0.jpg"
"135","4","Pathetic Golf Clubs","48","Sports","Option end song opportunity population myself itself man off","387.83","true","https://m.media-amazon.com/images/I/81phSCzbHWL._AC_SX425_.jpg"
"136","45","Confused Nightstand","7","Furniture","Reason own rich business team audience long","428.50","true","https://stylecaster.com/wp-content/uploads/2018/09/animal-decor-10.jpeg?w=400&h=600"
"137","40","Vigorous Coffee Table","67","Furniture","Would Congress perform read production win form great","119.36","true","https://images.urbndata.com/is/image/Anthropologie/60439320_001_b?$a15-pdp-detail-shot$&fit=constrain&qlt=80&wid=640"
"138","49","Wakeful Golf Clubs","72","Sports","Instead recently computer subject firm after participant soon watch for others wear pay","259.02","true","https://m.media-amazon.com/images/I/81phSCzbHWL._AC_SX425_.jpg"
"139","40","Festive Soccer Ball","68","Sports","Arm ready foreign whose us strategy recent hotel population husband impact","312.47","true","https://m.media-amazon.com/images/I/61Jigwd1kKL._AC_SX425_.jpg"
"140","26","Watery Suit","46","Clothing","Hear run available summer page discover","350.48","true","https://cdn.shopify.com/s/files/1/0234/5963/products/16A6665-615-Edit_42d506f1-ddb8-4e97-a4bc-c740d96e770a_large.jpg?v=1638445431"
"141","6","Capable Basketball","18","Sports","Clearly body whom reduce draw hospital account mean part agent","481.12","false","https://m.media-amazon.com/images/I/91vdgs5FY4L._AC_SL1500_.jpg"
"142","46","Silly Desk","73","Furniture","After control these short environmental save goal task mention author risk","265.10","false","https://images.urbndata.com/is/image/Anthropologie/60438686_010_b"
"143","40","Early Jeans","66","Clothing","Around kind serve like mention fight their fear","90.99","true","https://img.ltwebstatic.com/images3_pi/2020/11/30/16067350169ffafe2f5f0ae446f77d546abdcea44a_thumbnail_600x.webp"
"144","42","Maniacal Football","95","Sports","Sister yet fast force hour institution already","221.08","false","https://www.si.com/.image/ar_4:3%2Cc_fill%2Ccs_srgb%2Cfl_progressive%2Cq_auto:good%2Cw_1200/MTc0NDU1OTQyMjAzNjQ3NjIy/college-football-covid-symptoms-cases-players.jpg"
"145","34","Tender Jeans","82","Clothing","Million themselves central stage Congress soldier reason first marriage nation","485.73","false","https://img.ltwebstatic.com/images3_pi/2020/11/30/16067350169ffafe2f5f0ae446f77d546abdcea44a_thumbnail_600x.webp"
"146","44","Subsequent Basketball","8","Sports","Enter camera special national employee lose organization foreign","314.87","true","https://m.media-amazon.com/images/I/91vdgs5FY4L._AC_SL1500_.jpg"
"147","1","Decorous Golf Clubs","97","Sports","Every feel huge miss hospital ball east choice mind","118.51","false","https://m.media-amazon.com/images/I/81phSCzbHWL._AC_SX425_.jpg"
"148","20","Real Skirt","83","Clothing","Fall clear ten ask later doctor nothing chance community","414.82","true","https://media.vogue.co.uk/photos/5d5d01439a39110008ed1d2f/master/w_1920,h_1280,c_limit/Leopard%2021.87.19%207.jpg"
"149","25","Rustic Basketball","30","Sports","Team into arm relate maybe whose seem put entire PM able partner","4.37","false","https://m.media-amazon.com/images/I/91vdgs5FY4L._AC_SL1500_.jpg"
"150","48","Gaudy Skirt","7","Clothing","Hot stand nature high break sort behavior director no him","454.81","true","https://media.vogue.co.uk/photos/5d5d01439a39110008ed1d2f/master/w_1920,h_1280,c_limit/Leopard%2021.87.19%207.jpg"
"151","1","Stupid Golf Clubs","79","Sports","Win not executive road us back each decide source","227.02","true","https://m.media-amazon.com/images/I/81phSCzbHWL._AC_SX425_.jpg"
"152","47","Chivalrous Suit","27","Clothing","Occur occur travel beyond item debate","195.42","true","https://cdn.shopify.com/s/files/1/0234/5963/products/16A6665-615-Edit_42d506f1-ddb8-4e97-a4bc-c740d96e770a_large.jpg?v=1638445431"
"153","27","Sour Nightstand","94","Furniture","Mean performance act across expert subject vote final walk range international shoulder","155.71","false","https://stylecaster.com/wp-content/uploads/2018/09/animal-decor-10.jpeg?w=400&h=600"
"154","31","Inquisitive Jeans","85","Clothing","Resource season audience should oil its mission claim improve value","317.33","true","https://img.ltwebstatic.com/images3_pi/2020/11/30/16067350169ffafe2f5f0ae446f77d546abdcea44a_thumbnail_600x.webp"
"155","16","Magenta Volleyball","98","Sports","Form left land rate consider research majority type","177.37","true","https://m.media-amazon.com/images/I/61lj9PFLqaL._AC_SL1500_.jpg"
"156","12","Scintillating Soccer Ball","61","Sports","Travel that set accept city mother last score","203.16","false","https://m.media-amazon.com/images/I/61Jigwd1kKL._AC_SX425_.jpg"
"157","48","Economic Desk","2","Furniture","Guess million form interesting eat be air yourself best pick write amount","206.93","true","https://images.urbndata.com/is/image/Anthropologie/60438686_010_b"
"158","37","Aspiring Coffee Table","89","Furniture","Industry interview international continue baby foot information","75.40","true","https://images.urbndata.com/is/image/Anthropologie/60439320_001_b?$a15-pdp-detail-shot$&fit=constrain&qlt=80&wid=640"
"159","24","Abrupt Softball","25","Sports","Thought could about region industry hot member","222.16","false","https://cdn.vox-cdn.com/thumbor/uW3cZFPag8gDwzFcoeQw-UpKJ_A=/0x0:1050x700/1200x800/filters:focal(441x266:609x434)/cdn.vox-cdn.com/uploads/chorus_image/image/69272529/10215943_web1_thinkstockphotos_softball_509935540.0.jpg"
"160","20","Gusty Skirt","86","Clothing","Near discuss pressure computer him window very daughter fill product station team clearly","404.06","true","https://media.vogue.co.uk/photos/5d5d01439a39110008ed1d2f/master/w_1920,h_1280,c_limit/Leopard%2021.87.19%207.jpg"
"161","12","Glorious Couch","37","Furniture","Life meeting key daughter idea heart camera might here control","250.55","false","https://www.google.com/url?sa=i&url=https%3A%2F%2Fwww.amazon.com%2FVelvet-Century-Living-Modern-Pillows%2Fdp%2FB08LNFZFVC&psig=AOvVaw1l1xXhUiRAro0vT3QgV_mf&ust=1638986338094000&source=images&cd=vfe&ved=0CAsQjRxqFwoTCJDr84Wi0vQCFQAAAAAdAAAAABAE"
"162","1","Quack Skirt","52","Clothing","These star boy move skill effect might people recent family I history","145.97","true","https://media.vogue.co.uk/photos/5d5d01439a39110008ed1d2f/master/w_1920,h_1280,c_limit/Leopard%2021.87.19%207.jpg"
"163","37","Sassy Volleyball","29","Sports","Responsibility life national or nothing analysis","397.66","true","https://m.media-amazon.com/images/I/61lj9PFLqaL._AC_SL1500_.jpg"
"164","14","Rebellious Coffee Table","55","Furniture","Year already partner smile finally wear each five idea authority","331.38","false","https://images.urbndata.com/is/image/Anthropologie/60439320_001_b?$a15-pdp-detail-shot$&fit=constrain&qlt=80&wid=640"
"165","47","Flawless Desk","41","Furniture","Opportunity mouth present life than two","398.60","true","https://images.urbndata.com/is/image/Anthropologie/60438686_010_b"
"166","1","Shallow Nightstand","22","Furniture","Able how white visit stand mother get","375.77","false","https://stylecaster.com/wp-content/uploads/2018/09/animal-decor-10.jpeg?w=400&h=600"
"167","9","Workable Dress","79","Clothing","Physical once consider international look prevent management before","12.66","false","https://i.pinimg.com/originals/5a/87/e5/5a87e5a4db14a4cd0c89797d84d21007.jpg"
"168","47","Festive Basketball","42","Sports","Simply less campaign sit increase challenge since within five safe","338.75","false","https://m.media-amazon.com/images/I/91vdgs5FY4L._AC_SL1500_.jpg"
"169","40","Ordinary Softball","18","Sports","Check if boy goal develop health billion","360.68","false","https://cdn.vox-cdn.com/thumbor/uW3cZFPag8gDwzFcoeQw-UpKJ_A=/0x0:1050x700/1200x800/filters:focal(441x266:609x434)/cdn.vox-cdn.com/uploads/chorus_image/image/69272529/10215943_web1_thinkstockphotos_softball_509935540.0.jpg"
"170","48","Absorbed Volleyball","5","Sports","Traditional suggest event organization top through technology thing risk value two technology","177.53","true","https://m.media-amazon.com/images/I/61lj9PFLqaL._AC_SL1500_.jpg"
"171","27","Versed Desk","83","Furniture","Threat few speak place color morning","199.19","false","https://images.urbndata.com/is/image/Anthropologie/60438686_010_b"
"172","14","Graceful Skirt","15","Clothing","Read painting range sit today book support size city bar center these","462.42","false","https://media.vogue.co.uk/photos/5d5d01439a39110008ed1d2f/master/w_1920,h_1280,c_limit/Leopard%2021.87.19%207.jpg"
"173","18","Rough Suit","57","Clothing","Administration main project now its begin","186.30","true","https://cdn.shopify.com/s/files/1/0234/5963/products/16A6665-615-Edit_42d506f1-ddb8-4e97-a4bc-c740d96e770a_large.jpg?v=1638445431"
"174","25","Adorable Pants","44","Clothing","From land population fly season success foreign however government trouble value energy moment","465.85","false","https://media.missguided.com/i/missguided/RCO9346927_02?$product-page__main--2x$"
"175","39","Idiotic Golf Clubs","43","Sports","These technology size reflect administration adult street director peace certainly condition","248.66","false","https://m.media-amazon.com/images/I/81phSCzbHWL._AC_SX425_.jpg"
"176","26","Industrious Volleyball","45","Sports","Listen field rise alone agent matter design prevent memory capital","211.50","true","https://m.media-amazon.com/images/I/61lj9PFLqaL._AC_SL1500_.jpg"
"177","25","Ludicrous Frisbee","38","Sports","Case change style human western role modern","424.97","true","https://i5.walmartimages.com/asr/11848b8b-1b25-450a-bea8-6e4caa0fec67_1.4e38c701da096e2c570efa6cc0a58d8a.jpeg?odnHeight=612&odnWidth=612&odnBg=FFFFFF"
"178","17","Abstracted Pants","82","Clothing","Draw century process spring health finally effort skill assume","160.14","true","https://media.missguided.com/i/missguided/RCO9346927_02?$product-page__main--2x$"
"179","43","Cooperative Chair","16","Furniture","I write up nice certainly such imagine also","258.27","true","https://theinside.imgix.net/products/IxIhjrCc8AL4QBNQE6vRyCRjzKxoc5Krdn3pXXck.jpeg?auto=compress%2Cformat&ixlib=react-9.0.3"
"180","30","Ethereal Chair","43","Furniture","Rather form ready special same practice four stay would unit","281.74","true","https://theinside.imgix.net/products/IxIhjrCc8AL4QBNQE6vRyCRjzKxoc5Krdn3pXXck.jpeg?auto=compress%2Cformat&ixlib=react-9.0.3"
"181","15","Hurt Skirt","16","Clothing","Already side image leg quite improve kitchen hit imagine reveal after","112.16","true","https://media.vogue.co.uk/photos/5d5d01439a39110008ed1d2f/master/w_1920,h_1280,c_limit/Leopard%2021.87.19%207.jpg"
"182","49","Bad Coffee Table","8","Furniture","Audience want bad continue certain drive public food range Republican","478.32","false","https://images.urbndata.com/is/image/Anthropologie/60439320_001_b?$a15-pdp-detail-shot$&fit=constrain&qlt=80&wid=640"
"183","7","Gentle Couch","50","Furniture","Style might evidence into represent now various keep various","412.18","false","https://www.google.com/url?sa=i&url=https%3A%2F%2Fwww.amazon.com%2FVelvet-Century-Living-Modern-Pillows%2Fdp%2FB08LNFZFVC&psig=AOvVaw1l1xXhUiRAro0vT3QgV_mf&ust=1638986338094000&source=images&cd=vfe&ved=0CAsQjRxqFwoTCJDr84Wi0vQCFQAAAAAdAAAAABAE"
"184","35","Rough Volleyball","98","Sports","Development edge people figure cultural view together","42.88","false","https://m.media-amazon.com/images/I/61lj9PFLqaL._AC_SL1500_.jpg"
"185","32","Erratic Football","1","Sports","Service activity travel will way ground wait","2.15","false","https://www.si.com/.image/ar_4:3%2Cc_fill%2Ccs_srgb%2Cfl_progressive%2Cq_auto:good%2Cw_1200/MTc0NDU1OTQyMjAzNjQ3NjIy/college-football-covid-symptoms-cases-players.jpg"
"186","7","Mighty Golf Clubs","16","Sports","Need friend do among themselves station scientist fear list she thing west","184.93","false","https://m.media-amazon.com/images/I/81phSCzbHWL._AC_SX425_.jpg"
"187","48","Odd Basketball","10","Sports","Military manage company much both they join century","298.19","true","https://m.media-amazon.com/images/I/91vdgs5FY4L._AC_SL1500_.jpg"
"188","16","Vacuous Volleyball","28","Sports","On follow choice author serve more the do arrive price behavior people","252.64","false","https://m.media-amazon.com/images/I/61lj9PFLqaL._AC_SL1500_.jpg"
"189","43","Brave Softball","47","Sports","Deal among place decide short project two letter form character","302.19","false","https://cdn.vox-cdn.com/thumbor/uW3cZFPag8gDwzFcoeQw-UpKJ_A=/0x0:1050x700/1200x800/filters:focal(441x266:609x434)/cdn.vox-cdn.com/uploads/chorus_image/image/69272529/10215943_web1_thinkstockphotos_softball_509935540.0.jpg"
"190","13","Gigantic Costume","44","Clothing","Sense play system he friend action your vote term memory recently","335.65","true","https://images.halloweencostumes.com/products/32205/1-1/child-deluxe-lion-costume-update.jpg"
"191","15","Funny Coffee Table","37","Furniture","Remain wrong so list someone white enjoy join","179.11","true","https://images.urbndata.com/is/image/Anthropologie/60439320_001_b?$a15-pdp-detail-shot$&fit=constrain&qlt=80&wid=640"
"192","16","Productive Costume","11","Clothing","Support peace glass Mr my night this none attack same base site many","85.40","false","https://images.halloweencostumes.com/products/32205/1-1/child-deluxe-lion-costume-update.jpg"
"193","43","Classy Costume","79","Clothing","Side course or charge trouble within above rather bank","91.63","false","https://images.halloweencostumes.com/products/32205/1-1/child-deluxe-lion-costume-update.jpg"
"194","44","Burly Lamp","77","Furniture","Increase base star person recent election wonder","247.85","true","https://i.pinimg.com/originals/2d/83/98/2d8398d7fb16848b776ceae9065be2bb.jpg"
"195","5","Average Football","92","Sports","Best chair cut early shoulder blood left deal particularly night","331.09","false","https://www.si.com/.image/ar_4:3%2Cc_fill%2Ccs_srgb%2Cfl_progressive%2Cq_auto:good%2Cw_1200/MTc0NDU1OTQyMjAzNjQ3NjIy/college-football-covid-symptoms-cases-players.jpg"
"196","37","Level Costume","11","Clothing","Month at hospital thank what person put see age those","371.53","false","https://images.halloweencostumes.com/products/32205/1-1/child-deluxe-lion-costume-update.jpg"
"197","37","Panoramic Lamp","25","Furniture","Participant hope likely service state building reduce","314.38","false","https://i.pinimg.com/originals/2d/83/98/2d8398d7fb16848b776ceae9065be2bb.jpg"
"198","1","Faulty Couch","99","Furniture","Special now until buy seven west","51.90","false","https://www.google.com/url?sa=i&url=https%3A%2F%2Fwww.amazon.com%2FVelvet-Century-Living-Modern-Pillows%2Fdp%2FB08LNFZFVC&psig=AOvVaw1l1xXhUiRAro0vT3QgV_mf&ust=1638986338094000&source=images&cd=vfe&ved=0CAsQjRxqFwoTCJDr84Wi0vQCFQAAAAAdAAAAABAE"
"199","40","Imaginary Costume","62","Clothing","Write state early game different forward human customer","267.71","false","https://images.halloweencostumes.com/products/32205/1-1/child-deluxe-lion-costume-update.jpg"